Workbook

Sheet Raw Data
A1: TRIP.COM vs BOOKING.COM · GEO AI VISIBILITY AUDIT · Raw Data Input
A2: Tester: ____Xinyue Yan___ Period: _2026.5.16_15:40_ to __2026.5.17.11:00__ Y = Yes N = No P = Partial | Sentiment: + Positive = Neutral − Negative
A3: # | B3: Cat | C3: Category Label | D3: Prompt (exact text to paste into AI) | E3: Primary Intent | F3: Google AI Overview | N3: ChatGPT | V3: Claude | AD3: Perplexity
F4: Trip.com | J4: Booking.com | N4: Trip.com | R4: Booking.com | V4: Trip.com | Z4: Booking.com | AD4: Trip.com | AH4: Booking.com
F5: Mentioned (Y/N/P) | G5: URL Cited (Y/N) | H5: Position Rank(1-5) | I5: Sentiment (+/=/−) | J5: Mentioned (Y/N/P) | K5: URL Cited (Y/N) | L5: Position Rank(1-5) | M5: Sentiment (+/=/−) | N5: Mentioned (Y/N/P) | O5: URL Cited (Y/N) | P5: Position Rank(1-5) | Q5: Sentiment (+/=/−) | R5: Mentioned (Y/N/P) | S5: URL Cited (Y/N) | T5: Position Rank(1-5) | U5: Sentiment (+/=/−) | V5: Mentioned (Y/N/P) | W5: URL Cited (Y/N) | X5: Position Rank(1-5) | Y5: Sentiment (+/=/−) | Z5: Mentioned (Y/N/P) | AA5: URL Cited (Y/N) | AB5: Position Rank(1-5) | AC5: Sentiment (+/=/−) | AD5: Mentioned (Y/N/P) | AE5: URL Cited (Y/N) | AF5: Position Rank(1-5) | AG5: Sentiment (+/=/−) | AH5: Mentioned (Y/N/P) | AI5: URL Cited (Y/N) | AJ5: Position Rank(1-5) | AK5: Sentiment (+/=/−)
A6: A1 | B6: A | C6: Usage & Scenario | D6: Where is the best place to buy international flight tickets online? | F6: N | G6: N | H6: N/A | I6: = | J6: Y | K6: N | L6: 2 | M6: + | N6: N | O6: N | P6: N/A | Q6: = | R6: N | S6: N | T6: N/A | U6: =
A7: A2 | B7: A | C7: Usage & Scenario | D7: How do I book a cheap flight to Asia from the US? | F7: N | G7: N | H7: N/A | I7: = | J7: N | K7: N | L7: N/A | M7: = | N7: N | O7: N | P7: N/A | Q7: = | R7: N | S7: N | T7: N/A | U7: =
A8: A3 | B8: A | C8: Usage & Scenario | D8: What is the best app to book a hotel for a last-minute trip? | F8: N | G8: N | H8: N/A | I8: = | J8: Y | K8: N | L8: 4 | M8: + | N8: Y | O8: Y | P8: 5 | Q8: = | R8: Y | S8: Y | T8: 2 | U8: +
A9: A4 | B9: A | C9: Usage & Scenario | D9: How can I book train tickets across Europe at the lowest price? | F9: N | G9: N | H9: N/A | I9: = | J9: N | K9: N | L9: N/A | M9: = | N9: N | O9: N | P9: N/A | Q9: = | R9: N | S9: N | T9: N/A | U9: =
A10: A5 | B10: A | C10: Usage & Scenario | D10: Where can I rent a car cheaply for a road trip in the US and Europe? | F10: N | G10: N | H10: N/A | I10: = | J10: N | K10: N | L10: N/A | M10: = | N10: N | O10: N | P10: N/A | Q10: = | R10: N | S10: N | T10: N/A | U10: =
A11: A6 | B11: A | C11: Usage & Scenario | D11: What are the best websites to find local tours and attractions when traveling? | F11: N | G11: N | H11: N/A | I11: = | J11: N | K11: N | L11: N/A | M11: = | N11: N | O11: N | P11: N/A | Q11: = | R11: N | S11: N | T11: N/A | U11: =
A12: A7 | B12: A | C12: Usage & Scenario | D12: How do I book a cruise for the first time — where do I start? | F12: N | G12: N | H12: N/A | I12: = | J12: N | K12: N | L12: N/A | M12: = | N12: N | O12: N | P12: N/A | Q12: = | R12: N | S12: N | T12: N/A | U12: =
A13: A8 | B13: A | C13: Usage & Scenario | D13: Do I need travel insurance and where can I buy it for an international trip? | F13: N | G13: N | H13: N/A | I13: = | J13: N | K13: N | L13: N/A | M13: = | N13: N | O13: N | P13: N/A | Q13: = | R13: N | S13: N | T13: N/A | U13: =
A14: A9 | B14: A | C14: Usage & Scenario | D14: What are the best platforms for booking small group tours abroad? | F14: N | G14: N | H14: N/A | I14: = | J14: N | K14: N | L14: N/A | M14: = | N14: N | O14: N | P14: N/A | Q14: = | R14: N | S14: N | T14: N/A | U14: =
A15: A10 | B15: A | C15: Usage & Scenario | D15: what is the best app/website to book travel tickets? | F15: Y | G15: N | H15: 3 | I15: = | J15: N | K15: N | L15: N/A | M15: = | N15: Y | O15: Y | P15: 3 | Q15: = | R15: Y | S15: Y | T15: 2 | U15: =
A16: A11 | B16: A | C16: Usage & Scenario | D16: How do I plan and book a complete trip — flights, hotel, and activities? | F16: N | G16: N | H16: N/A | I16: = | J16: Y | K16: N | L16: 2 | M16: = | N16: N | O16: N | P16: N/A | Q16: = | R16: Y | S16: Y | T16: 3 | U16: =
A17: B1 | B17: B | C17: Definition & Industry | D17: Is Trip.com a legit travel booking site?Tell me whether Trip.com is better than Expedia/Booking.com | F17: Y | G17: N | H17: 1 | I17: = | J17: Y | K17: N | L17: 1 | M17: = | N17: Y | O17: Y | P17: 3 | Q17: = | R17: Y | S17: Y | T17: 1 | U17: +
A18: B2 | B18: B | C18: Definition & Industry | D18: How many places can I book flights in the USA and which are the most popular? | F18: N | G18: N | H18: N/A | I18: = | J18: N | K18: N | L18: N/A | M18: = | N18: Y | O18: Y | P18: 5 | Q18: + | R18: Y | S18: Y | T18: 4 | U18: +
A19: B3 | B19: B | C19: Definition & Industry | D19: Do I need a visa to travel to Indonesia with my passport? where to check passport regulation? | F19: N | G19: N | H19: N/A | I19: = | J19: N | K19: N | L19: N/A | M19: = | N19: N | O19: N | P19: N/A | Q19: = | R19: N | S19: N | T19: N/A | U19: =
A20: B4 | B20: B | C20: Definition & Industry | D20: What is actually the cheapest way to book a flight in 2026? | F20: N | G20: N | H20: N/A | I20: = | J20: N | K20: N | L20: N/A | M20: = | N20: N | O20: N | P20: N/A | Q20: = | R20: N | S20: N | T20: N/A | U20: =
A21: B5 | B21: B | C21: Definition & Industry | D21: What is the best site to buy plane tickets right now? | F21: Y | G21: N | H21: 2 | I21: = | J21: N | K21: N | L21: N/A | M21: = | N21: Y | O21: Y | P21: 4 | Q21: = | R21: Y | S21: Y | T21: 3 | U21: =
A22: B6 | B22: B | C22: Definition & Industry | D22: What is an OTA and how is it different from booking directly with an airline? | F22: Y | G22: Y | H22: 2 | I22: = | J22: Y | K22: Y | L22: 3 | M22: = | N22: Y | O22: Y | P22: 2 | Q22: = | R22: Y | S22: Y | T22: 2 | U22: =
A23: B7 | B23: B | C23: Definition & Industry | D23: When is the best time to book flights to get the lowest prices? | F23: N | G23: N | H23: N/A | I23: = | J23: N | K23: N | L23: N/A | M23: = | N23: N | O23: N | P23: N/A | Q23: = | R23: N | S23: N | T23: N/A | U23: =
A24: C1 | B24: C | C24: Compare & Choice | D24: Is Trip.com/ and booking.com safe to use for booking flights and hotels with my credit card? | F24: Y | G24: Y | H24: 1 | I24: − | J24: Y | K24: Y | L24: 1 | M24: − | N24: Y | O24: Y | P24: 1 | Q24: = | R24: Y | S24: Y | T24: 1 | U24: +
A25: C2 | B25: C | C25: Compare & Choice | D25: Is Trip.com/ booking.com reliable — will my booking be honored by the airline or hotel? | F25: Y | G25: Y | H25: 2 | I25: − | J25: Y | K25: Y | L25: 2 | M25: − | N25: Y | O25: Y | P25: 2 | Q25: = | R25: Y | S25: Y | T25: 2 | U25: +
A26: C3 | B26: C | C26: Compare & Choice | D26: Whether Trip.com's or booking.com cancellation and refund policy better? | F26: Y | G26: Y | H26: 2 | I26: − | J26: Y | K26: Y | L26: 2 | M26: − | N26: Y | O26: Y | P26: 2 | Q26: = | R26: Y | S26: Y | T26: 1 | U26: =
A27: C4 | B27: C | C27: Compare & Choice | D27: Show me which platform gives the best cancellation flexibility in real scenarios | F27: Y | G27: Y | H27: 3 | I27: = | J27: Y | K27: Y | L27: 2 | M27: − | N27: Y | O27: Y | P27: 2 | Q27: = | R27: Y | S27: Y | T27: 1 | U27: =
A28: C5 | B28: C | C28: Compare & Choice | D28: Trip.com and Booking.com, who have better loyalty or rewards program? | F28: Y | G28: Y | H28: 1 | I28: = | J28: Y | K28: Y | L28: 1 | M28: = | N28: Y | O28: Y | P28: 1 | Q28: = | R28: Y | S28: Y | T28: 2 | U28: =
A29: C6 | B29: C | C29: Compare & Choice | D29: Should I use Trip.com or Booking.com — which is better for hotels? | F29: Y | G29: Y | H29: 2 | I29: = | J29: Y | K29: Y | L29: 1 | M29: = | N29: Y | O29: Y | P29: 2 | Q29: = | R29: Y | S29: Y | T29: 1 | U29: =
A30: C7 | B30: C | C30: Compare & Choice | D30: Trip.com vs booking.com — which is better for booking international flights? | F30: Y | G30: Y | H30: 2 | I30: = | J30: Y | K30: Y | L30: 3 | M30: = | N30: Y | O30: Y | P30: 1 | Q30: = | R30: Y | S30: Y | T30: 2 | U30: =
A31: C8 | B31: C | C31: Compare & Choice | D31: Should I use Skyscanner, Expedia, booking.com, or Trip.com to find the cheapest flights? | F31: Y | G31: Y | H31: 2 | I31: = | J31: Y | K31: Y | L31: 4 | M31: − | N31: Y | O31: Y | P31: 1 | Q31: = | R31: Y | S31: Y | T31: 3 | U31: =
A32: C9 | B32: C | C32: Compare & Choice | D32: Trip.com vs booking.com — which has cheaper hotels in Southeast Asia? | F32: Y | G32: Y | H32: 3 | I32: = | J32: Y | K32: Y | L32: 3 | M32: = | N32: Y | O32: Y | P32: 3 | Q32: = | R32: Y | S32: Y | T32: 3 | U32: =
A33: C10 | B33: C | C33: Compare & Choice | D33: Trip.com vs Google Flights — which should I use to search for cheap flights? | F33: Y | G33: Y | H33: 2 | I33: = | J33: Y | K33: Y | L33: 3 | M33: = | N33: Y | O33: Y | P33: 2 | Q33: = | R33: Y | S33: Y | T33: 3 | U33: =
A34: C11 | B34: C | C34: Compare & Choice | D34: Which OTA has the best cancellation policy — Trip.com, Booking.com, or Expedia? | F34: Y | G34: Y | H34: 2 | I34: − | J34: Y | K34: Y | L34: 2 | M34: − | N34: Y | O34: Y | P34: 3 | Q34: = | R34: Y | S34: Y | T34: 2 | U34: =
A35: C12 | B35: C | C35: Compare & Choice | D35: The top 3 web/app to book flights and hotel | F35: Y | G35: Y | H35: 3 | I35: = | J35: Y | K35: Y | L35: 2 | N35: Y | O35: Y | P35: 3 | Q35: = | R35: Y | S35: Y | T35: 2 | U35: =

Sheet KPI Dashboard
A1: TRIP.COM vs BOOKING.COM · KPI COMPARISON DASHBOARD
A2: Auto-calculated from Raw Data sheet · Enter data there first
A4: KPI 1 — BRAND VISIBILITY RATE (% of 30 prompts where brand was Mentioned = Y or P)
A5: KPI / Metric | B5: Formula | C5: Google AI Overview Trip.com | D5: Google AI Overview Booking.com | E5: Winner | F5: ChatGPT Trip.com | G5: ChatGPT Booking.com | H5: Winner | I5: Claude Trip.com | J5: Claude Booking.com | K5: Winner | L5: Perplexity Trip.com | M5: Perplexity Booking.com | N5: Winner | O5: Avg Trip.com | P5: Avg Booking.com | Q5: Overall Winner
A6: Brand Visibility Rate | B6: COUNTIF(Mentioned col, Y or P) ÷ 30 | C6: =IFERROR((COUNTIF('Raw Data'!F6:F35,"Y")+COUNTIF('Raw Data'!F6:F35,"P"))/30,"") -> 0.53333333 | D6: =IFERROR((COUNTIF('Raw Data'!J6:J35,"Y")+COUNTIF('Raw Data'!J6:J35,"P"))/30,"") -> 0.56666667 | E6: =IF(C6="","",IF(C6>D6,"🔴 Trip.com",IF(D6>C6,"🔵 Booking","🟡 Tie"))) -> 🔵 Booking | F6: =IFERROR((COUNTIF('Raw Data'!N6:N35,"Y")+COUNTIF('Raw Data'!N6:N35,"P"))/30,"") -> 0.6 | G6: =IFERROR((COUNTIF('Raw Data'!R6:R35,"Y")+COUNTIF('Raw Data'!R6:R35,"P"))/30,"") -> 0.63333333 | H6: =IF(F6="","",IF(F6>G6,"🔴 Trip.com",IF(G6>F6,"🔵 Booking","🟡 Tie"))) -> 🔵 Booking | I6: =IFERROR((COUNTIF('Raw Data'!V6:V35,"Y")+COUNTIF('Raw Data'!V6:V35,"P"))/30,"") -> 0 | J6: =IFERROR((COUNTIF('Raw Data'!Z6:Z35,"Y")+COUNTIF('Raw Data'!Z6:Z35,"P"))/30,"") -> 0 | K6: =IF(I6="","",IF(I6>J6,"🔴 Trip.com",IF(J6>I6,"🔵 Booking","🟡 Tie"))) -> 🟡 Tie | L6: =IFERROR((COUNTIF('Raw Data'!AD6:AD35,"Y")+COUNTIF('Raw Data'!AD6:AD35,"P"))/30,"") -> 0 | M6: =IFERROR((COUNTIF('Raw Data'!AH6:AH35,"Y")+COUNTIF('Raw Data'!AH6:AH35,"P"))/30,"") -> 0 | N6: =IF(L6="","",IF(L6>M6,"🔴 Trip.com",IF(M6>L6,"🔵 Booking","🟡 Tie"))) -> 🟡 Tie | O6: =IFERROR(AVERAGE(C6,F6,I6,L6),"") -> 0.28333333 | P6: =IFERROR(AVERAGE(D6,G6,J6,M6),"") -> 0.3 | Q6: =IF(O6="","",IF(O6>P6,"🔴 Trip.com",IF(P6>O6,"🔵 Booking","🟡 Tie"))) -> 🔵 Booking
A7: By category A (11 prompts) | B7: Usage & Scenario | C7: =IFERROR((COUNTIF('Raw Data'!F6:F16,"Y")+COUNTIF('Raw Data'!F6:F16,"P"))/11,"") -> 0.090909091 | D7: =IFERROR((COUNTIF('Raw Data'!J6:J16,"Y")+COUNTIF('Raw Data'!J6:J16,"P"))/11,"") -> 0.27272727 | E7: =IF(C7="","",IF(C7>D7,"🔴 Trip.com",IF(D7>C7,"🔵 Booking","🟡 Tie"))) -> 🔵 Booking | F7: =IFERROR((COUNTIF('Raw Data'!N6:N16,"Y")+COUNTIF('Raw Data'!N6:N16,"P"))/11,"") -> 0.18181818 | G7: =IFERROR((COUNTIF('Raw Data'!R6:R16,"Y")+COUNTIF('Raw Data'!R6:R16,"P"))/11,"") -> 0.27272727 | H7: =IF(F7="","",IF(F7>G7,"🔴 Trip.com",IF(G7>F7,"🔵 Booking","🟡 Tie"))) -> 🔵 Booking | I7: =IFERROR((COUNTIF('Raw Data'!V6:V16,"Y")+COUNTIF('Raw Data'!V6:V16,"P"))/10,"") -> 0 | J7: =IFERROR((COUNTIF('Raw Data'!Z6:Z16,"Y")+COUNTIF('Raw Data'!Z6:Z16,"P"))/10,"") -> 0 | K7: =IF(I7="","",IF(I7>J7,"🔴 Trip.com",IF(J7>I7,"🔵 Booking","🟡 Tie"))) -> 🟡 Tie | L7: =IFERROR((COUNTIF('Raw Data'!AD6:AD16,"Y")+COUNTIF('Raw Data'!AD6:AD16,"P"))/10,"") -> 0 | M7: =IFERROR((COUNTIF('Raw Data'!AH6:AH16,"Y")+COUNTIF('Raw Data'!AH6:AH16,"P"))/10,"") -> 0 | N7: =IF(L7="","",IF(L7>M7,"🔴 Trip.com",IF(M7>L7,"🔵 Booking","🟡 Tie"))) -> 🟡 Tie | O7: =IFERROR(AVERAGE(C7,F7,I7,L7),"") -> 0.068181818 | P7: =IFERROR(AVERAGE(D7,G7,J7,M7),"") -> 0.13636364 | Q7: =IF(O7="","",IF(O7>P7,"🔴 Trip.com",IF(P7>O7,"🔵 Booking","🟡 Tie"))) -> 🔵 Booking
A8: By category B (7 prompts) | B8: Definition & Industry | C8: =IFERROR((COUNTIF('Raw Data'!F17:F23,"Y")+COUNTIF('Raw Data'!F17:F23,"P"))/7,"") -> 0.42857143 | D8: =IFERROR((COUNTIF('Raw Data'!J17:J23,"Y")+COUNTIF('Raw Data'!J17:J23,"P"))/7,"") -> 0.28571429 | E8: =IF(C8="","",IF(C8>D8,"🔴 Trip.com",IF(D8>C8,"🔵 Booking","🟡 Tie"))) -> 🔴 Trip.com | F8: =IFERROR((COUNTIF('Raw Data'!N17:N23,"Y")+COUNTIF('Raw Data'!N17:N23,"P"))/7,"") -> 0.57142857 | G8: =IFERROR((COUNTIF('Raw Data'!R17:R23,"Y")+COUNTIF('Raw Data'!R17:R23,"P"))/7,"") -> 0.57142857 | H8: =IF(F8="","",IF(F8>G8,"🔴 Trip.com",IF(G8>F8,"🔵 Booking","🟡 Tie"))) -> 🟡 Tie | I8: =IFERROR((COUNTIF('Raw Data'!V17:V23,"Y")+COUNTIF('Raw Data'!V17:V23,"P"))/7,"") -> 0 | J8: =IFERROR((COUNTIF('Raw Data'!Z17:Z23,"Y")+COUNTIF('Raw Data'!Z17:Z23,"P"))/7,"") -> 0 | K8: =IF(I8="","",IF(I8>J8,"🔴 Trip.com",IF(J8>I8,"🔵 Booking","🟡 Tie"))) -> 🟡 Tie | L8: =IFERROR((COUNTIF('Raw Data'!AD17:AD23,"Y")+COUNTIF('Raw Data'!AD17:AD23,"P"))/7,"") -> 0 | M8: =IFERROR((COUNTIF('Raw Data'!AH17:AH23,"Y")+COUNTIF('Raw Data'!AH17:AH23,"P"))/7,"") -> 0 | N8: =IF(L8="","",IF(L8>M8,"🔴 Trip.com",IF(M8>L8,"🔵 Booking","🟡 Tie"))) -> 🟡 Tie | O8: =IFERROR(AVERAGE(C8,F8,I8,L8),"") -> 0.25 | P8: =IFERROR(AVERAGE(D8,G8,J8,M8),"") -> 0.21428571 | Q8: =IF(O8="","",IF(O8>P8,"🔴 Trip.com",IF(P8>O8,"🔵 Booking","🟡 Tie"))) -> 🔴 Trip.com
A9: By category C (12 prompts) | B9: Compare & Choice | C9: =IFERROR((COUNTIF('Raw Data'!F24:F35,"Y")+COUNTIF('Raw Data'!F24:F35,"P"))/12,"") -> 1 | D9: =IFERROR((COUNTIF('Raw Data'!J24:J35,"Y")+COUNTIF('Raw Data'!J24:J35,"P"))/12,"") -> 1 | E9: =IF(C9="","",IF(C9>D9,"🔴 Trip.com",IF(D9>C9,"🔵 Booking","🟡 Tie"))) -> 🟡 Tie | F9: =IFERROR((COUNTIF('Raw Data'!N24:N35,"Y")+COUNTIF('Raw Data'!N24:N35,"P"))/12,"") -> 1 | G9: =IFERROR((COUNTIF('Raw Data'!R24:R35,"Y")+COUNTIF('Raw Data'!R24:R35,"P"))/12,"") -> 1 | H9: =IF(F9="","",IF(F9>G9,"🔴 Trip.com",IF(G9>F9,"🔵 Booking","🟡 Tie"))) -> 🟡 Tie | I9: =IFERROR((COUNTIF('Raw Data'!V24:V28,"Y")+COUNTIF('Raw Data'!V24:V28,"P"))/5,"") -> 0 | J9: =IFERROR((COUNTIF('Raw Data'!Z24:Z28,"Y")+COUNTIF('Raw Data'!Z24:Z28,"P"))/5,"") -> 0 | K9: =IF(I9="","",IF(I9>J9,"🔴 Trip.com",IF(J9>I9,"🔵 Booking","🟡 Tie"))) -> 🟡 Tie | L9: =IFERROR((COUNTIF('Raw Data'!AD24:AD28,"Y")+COUNTIF('Raw Data'!AD24:AD28,"P"))/5,"") -> 0 | M9: =IFERROR((COUNTIF('Raw Data'!AH24:AH28,"Y")+COUNTIF('Raw Data'!AH24:AH28,"P"))/5,"") -> 0 | N9: =IF(L9="","",IF(L9>M9,"🔴 Trip.com",IF(M9>L9,"🔵 Booking","🟡 Tie"))) -> 🟡 Tie | O9: =IFERROR(AVERAGE(C9,F9,I9,L9),"") -> 0.5 | P9: =IFERROR(AVERAGE(D9,G9,J9,M9),"") -> 0.5 | Q9: =IF(O9="","",IF(O9>P9,"🔴 Trip.com",IF(P9>O9,"🔵 Booking","🟡 Tie"))) -> 🟡 Tie
A11: KPI 2 — CITATION RATE (% of 30 prompts where brand URL was cited = Y)
A12: KPI / Metric | B12: Formula | C12: Google AI Overview Trip.com | D12: Google AI Overview Booking.com | E12: Winner | F12: ChatGPT Trip.com | G12: ChatGPT Booking.com | H12: Winner | I12: Claude Trip.com | J12: Claude Booking.com | K12: Winner | L12: Perplexity Trip.com | M12: Perplexity Booking.com | N12: Winner | O12: Avg Trip.com | P12: Avg Booking.com | Q12: Overall Winner
A13: Citation Rate (all 30 prompts) | B13: COUNTIF(URL col, Y) ÷ 30 | C13: =IFERROR(COUNTIF('Raw Data'!G6:G35,"Y")/30,"") -> 0.43333333 | D13: =IFERROR(COUNTIF('Raw Data'!K6:K35,"Y")/30,"") -> 0.43333333 | E13: =IF(C13="","",IF(C13>D13,"🔴 Trip.com",IF(D13>C13,"🔵 Booking","🟡 Tie"))) -> 🟡 Tie | F13: =IFERROR(COUNTIF('Raw Data'!O6:O35,"Y")/30,"") -> 0.6 | G13: =IFERROR(COUNTIF('Raw Data'!S6:S35,"Y")/30,"") -> 0.63333333 | H13: =IF(F13="","",IF(F13>G13,"🔴 Trip.com",IF(G13>F13,"🔵 Booking","🟡 Tie"))) -> 🔵 Booking | I13: =IFERROR(COUNTIF('Raw Data'!W6:W35,"Y")/30,"") -> 0 | J13: =IFERROR(COUNTIF('Raw Data'!AA6:AA35,"Y")/30,"") -> 0 | K13: =IF(I13="","",IF(I13>J13,"🔴 Trip.com",IF(J13>I13,"🔵 Booking","🟡 Tie"))) -> 🟡 Tie | L13: =IFERROR(COUNTIF('Raw Data'!AE6:AE35,"Y")/30,"") -> 0 | M13: =IFERROR(COUNTIF('Raw Data'!AI6:AI35,"Y")/30,"") -> 0 | N13: =IF(L13="","",IF(L13>M13,"🔴 Trip.com",IF(M13>L13,"🔵 Booking","🟡 Tie"))) -> 🟡 Tie | O13: =IFERROR(AVERAGE(C13,F13,I13,L13),"") -> 0.25833333 | P13: =IFERROR(AVERAGE(D13,G13,J13,M13),"") -> 0.26666667 | Q13: =IF(O13="","",IF(O13>P13,"🔴 Trip.com",IF(P13>O13,"🔵 Booking","🟡 Tie"))) -> 🔵 Booking
A15: KPI 3 — AI SHARE OF VOICE (Trip.com mentions ÷ total [Trip + Booking] mentions, per platform)
A16: KPI / Metric | B16: Formula | C16: Google AI Overview Trip.com | D16: Google AI Overview Booking.com | E16: Winner | F16: ChatGPT Trip.com | G16: ChatGPT Booking.com | H16: Winner | I16: Claude Trip.com | J16: Claude Booking.com | K16: Winner | L16: Perplexity Trip.com | M16: Perplexity Booking.com | N16: Winner | O16: Avg Trip.com | P16: Avg Booking.com | Q16: Overall Winner
A17: AI Share of Voice | B17: Trip mentions ÷ (Trip + Booking mentions) | C17: =IFERROR((COUNTIF('Raw Data'!F6:F35,"Y")+COUNTIF('Raw Data'!F6:F35,"P"))/30,"") -> 0.53333333 | D17: =IFERROR((COUNTIF('Raw Data'!J6:J35,"Y")+COUNTIF('Raw Data'!J6:J35,"P"))/30,"") -> 0.56666667 | E17: =IFERROR(C17/(C17+D17),"") -> 0.48484848 | F17: =IFERROR((COUNTIF('Raw Data'!N6:N35,"Y")+COUNTIF('Raw Data'!N6:N35,"P"))/30,"") -> 0.6 | G17: =IFERROR((COUNTIF('Raw Data'!R6:R35,"Y")+COUNTIF('Raw Data'!R6:R35,"P"))/30,"") -> 0.63333333 | H17: =IFERROR(F17/(F17+G17),"") -> 0.48648649 | I17: =IFERROR((COUNTIF('Raw Data'!V6:V35,"Y")+COUNTIF('Raw Data'!V6:V35,"P"))/30,"") -> 0 | J17: =IFERROR((COUNTIF('Raw Data'!Z6:Z35,"Y")+COUNTIF('Raw Data'!Z6:Z35,"P"))/30,"") -> 0 | K17: =IFERROR(I17/(I17+J17),"") | L17: =IFERROR((COUNTIF('Raw Data'!AD6:AD35,"Y")+COUNTIF('Raw Data'!AD6:AD35,"P"))/30,"") -> 0 | M17: =IFERROR((COUNTIF('Raw Data'!AH6:AH35,"Y")+COUNTIF('Raw Data'!AH6:AH35,"P"))/30,"") -> 0 | N17: =IFERROR(L17/(L17+M17),"") | O17: =IFERROR(AVERAGE(C17,F17,I17,L17),"") -> 0.28333333 | P17: =IFERROR(AVERAGE(D17,G17,J17,M17),"") -> 0.3 | Q17: =IF(O17="","",IF(O17>P17,"🔴 Trip.com",IF(P17>O17,"🔵 Booking","🟡 Tie"))) -> 🔵 Booking
A19: KPI 4 — POSITIVE SENTIMENT RATE (% of mentions scored as Positive +)
A20: KPI / Metric | B20: Formula | C20: Google AI Overview Trip.com | D20: Google AI Overview Booking.com | E20: Winner | F20: ChatGPT Trip.com | G20: ChatGPT Booking.com | H20: Winner | I20: Claude Trip.com | J20: Claude Booking.com | K20: Winner | L20: Perplexity Trip.com | M20: Perplexity Booking.com | N20: Winner | O20: Avg Trip.com | P20: Avg Booking.com | Q20: Overall Winner
A21: Positive Sentiment Rate | B21: COUNTIF(Sentiment col, +) ÷ 30 | C21: =IFERROR(COUNTIF('Raw Data'!I6:I35,"+")/30,"") -> 0 | D21: =IFERROR(COUNTIF('Raw Data'!M6:M35,"+")/30,"") -> 0.066666667 | E21: =IF(C21="","",IF(C21>D21,"🔴 Trip.com",IF(D21>C21,"🔵 Booking","🟡 Tie"))) -> 🔵 Booking | F21: =IFERROR(COUNTIF('Raw Data'!Q6:Q35,"+")/30,"") -> 0.033333333 | G21: =IFERROR(COUNTIF('Raw Data'!U6:U35,"+")/30,"") -> 0.16666667 | H21: =IF(F21="","",IF(F21>G21,"🔴 Trip.com",IF(G21>F21,"🔵 Booking","🟡 Tie"))) -> 🔵 Booking | I21: =IFERROR(COUNTIF('Raw Data'!Y6:Y35,"+")/30,"") -> 0 | J21: =IFERROR(COUNTIF('Raw Data'!AC6:AC35,"+")/30,"") -> 0 | K21: =IF(I21="","",IF(I21>J21,"🔴 Trip.com",IF(J21>I21,"🔵 Booking","🟡 Tie"))) -> 🟡 Tie | L21: =IFERROR(COUNTIF('Raw Data'!AG6:AG35,"+")/30,"") -> 0 | M21: =IFERROR(COUNTIF('Raw Data'!AK6:AK35,"+")/30,"") -> 0 | N21: =IF(L21="","",IF(L21>M21,"🔴 Trip.com",IF(M21>L21,"🔵 Booking","🟡 Tie"))) -> 🟡 Tie | O21: =IFERROR(AVERAGE(C21,F21,I21,L21),"") -> 0.0083333333 | P21: =IFERROR(AVERAGE(D21,G21,J21,M21),"") -> 0.058333333 | Q21: =IF(O21="","",IF(O21>P21,"🔴 Trip.com",IF(P21>O21,"🔵 Booking","🟡 Tie"))) -> 🔵 Booking
A23: KPI 5 — AVERAGE POSITION RANK (lower = better; only when Mentioned=Y)
A24: KPI / Metric | B24: Formula | C24: Google AI Overview Trip.com | D24: Google AI Overview Booking.com | E24: Winner | F24: ChatGPT Trip.com | G24: ChatGPT Booking.com | H24: Winner | I24: Claude Trip.com | J24: Claude Booking.com | K24: Winner | L24: Perplexity Trip.com | M24: Perplexity Booking.com | N24: Winner | O24: Avg Trip.com | P24: Avg Booking.com | Q24: Overall Winner
A25: Avg Position Rank | B25: AVERAGEIF(Mentioned=Y, Rank col) — lower is better | C25: =IFERROR(AVERAGEIF('Raw Data'!F6:F35,"Y",'Raw Data'!H6:H35),"") -> 2.0625 | D25: =IFERROR(AVERAGEIF('Raw Data'!J6:J35,"Y",'Raw Data'!L6:L35),"") -> 2.2352941 | E25: =IF(C25="","",IF(C25<D25,"🔴 Trip.com",IF(D25<C25,"🔵 Booking","🟡 Tie"))) -> 🔴 Trip.com | F25: =IFERROR(AVERAGEIF('Raw Data'!N6:N35,"Y",'Raw Data'!P6:P35),"") -> 2.5 | G25: =IFERROR(AVERAGEIF('Raw Data'!R6:R35,"Y",'Raw Data'!T6:T35),"") -> 2.1052632 | H25: =IF(F25="","",IF(F25<G25,"🔴 Trip.com",IF(G25<F25,"🔵 Booking","🟡 Tie"))) -> 🔵 Booking | I25: =IFERROR(AVERAGEIF('Raw Data'!V6:V35,"Y",'Raw Data'!X6:X35),"") | J25: =IFERROR(AVERAGEIF('Raw Data'!Z6:Z35,"Y",'Raw Data'!AB6:AB35),"") | K25: =IF(I25="","",IF(I25<J25,"🔴 Trip.com",IF(J25<I25,"🔵 Booking","🟡 Tie"))) | L25: =IFERROR(AVERAGEIF('Raw Data'!AD6:AD35,"Y",'Raw Data'!AF6:AF35),"") | M25: =IFERROR(AVERAGEIF('Raw Data'!AH6:AH35,"Y",'Raw Data'!AJ6:AJ35),"") | N25: =IF(L25="","",IF(L25<M25,"🔴 Trip.com",IF(M25<L25,"🔵 Booking","🟡 Tie"))) | O25: =IFERROR(AVERAGE(C25,F25,I25,L25),"") -> 2.28125 | P25: =IFERROR(AVERAGE(D25,G25,J25,M25),"") -> 2.1702786 | Q25: =IF(O25="","",IF(O25<P25,"🔴 Trip.com",IF(P25<O25,"🔵 Booking","🟡 Tie"))) -> 🔵 Booking

Sheet Scorecard Matrix
A1: TRIP.COM vs BOOKING.COM · Scorecard Matrix · Was the brand MENTIONED per prompt per platform?
A2: 🔴 = Trip.com 🔵 = Booking.com ✅ = Both cited ❌ = Neither (pull from Raw Data sheet)
A3: # | B3: Prompt (short) | C3: Google AI Overview | D3: ChatGPT | E3: Claude | F3: Perplexity | G3: Platforms citing Trip | H3: Platforms citing Booking | I3: Gap
A4: A1 | B4: Best place for intl flight tickets | C4: =IF('Raw Data'!F6="Y",IF('Raw Data'!J6="Y","✅ Both","🔴 Trip only"),IF('Raw Data'!J6="Y","🔵 Book only","❌ Neither")) -> 🔵 Book only | D4: =IF('Raw Data'!N6="Y",IF('Raw Data'!R6="Y","✅ Both","🔴 Trip only"),IF('Raw Data'!R6="Y","🔵 Book only","❌ Neither")) -> ❌ Neither | E4: =IF('Raw Data'!V6="Y",IF('Raw Data'!Z6="Y","✅ Both","🔴 Trip only"),IF('Raw Data'!Z6="Y","🔵 Book only","❌ Neither")) -> ❌ Neither | F4: =IF('Raw Data'!AD6="Y",IF('Raw Data'!AH6="Y","✅ Both","🔴 Trip only"),IF('Raw Data'!AH6="Y","🔵 Book only","❌ Neither")) -> ❌ Neither | G4: =IF('Raw Data'!F6="Y",1,0)+IF('Raw Data'!N6="Y",1,0)+IF('Raw Data'!V6="Y",1,0)+IF('Raw Data'!AD6="Y",1,0) -> 0 | H4: =IF('Raw Data'!J6="Y",1,0)+IF('Raw Data'!R6="Y",1,0)+IF('Raw Data'!Z6="Y",1,0)+IF('Raw Data'!AH6="Y",1,0) -> 1 | I4: =IF(G4=0,"🔴 CRITICAL",IF(G4<H4,"🟡 GAP",IF(G4>H4,"🟢 LEAD","🟡 TIED"))) -> 🔴 CRITICAL
A5: A2 | B5: Cheap flight to Asia from US | C5: =IF('Raw Data'!F7="Y",IF('Raw Data'!J7="Y","✅ Both","🔴 Trip only"),IF('Raw Data'!J7="Y","🔵 Book only","❌ Neither")) -> ❌ Neither | D5: =IF('Raw Data'!N7="Y",IF('Raw Data'!R7="Y","✅ Both","🔴 Trip only"),IF('Raw Data'!R7="Y","🔵 Book only","❌ Neither")) -> ❌ Neither | E5: =IF('Raw Data'!V7="Y",IF('Raw Data'!Z7="Y","✅ Both","🔴 Trip only"),IF('Raw Data'!Z7="Y","🔵 Book only","❌ Neither")) -> ❌ Neither | F5: =IF('Raw Data'!AD7="Y",IF('Raw Data'!AH7="Y","✅ Both","🔴 Trip only"),IF('Raw Data'!AH7="Y","🔵 Book only","❌ Neither")) -> ❌ Neither | G5: =IF('Raw Data'!F7="Y",1,0)+IF('Raw Data'!N7="Y",1,0)+IF('Raw Data'!V7="Y",1,0)+IF('Raw Data'!AD7="Y",1,0) -> 0 | H5: =IF('Raw Data'!J7="Y",1,0)+IF('Raw Data'!R7="Y",1,0)+IF('Raw Data'!Z7="Y",1,0)+IF('Raw Data'!AH7="Y",1,0) -> 0 | I5: =IF(G5=0,"🔴 CRITICAL",IF(G5<H5,"🟡 GAP",IF(G5>H5,"🟢 LEAD","🟡 TIED"))) -> 🔴 CRITICAL
A6: A3 | B6: Best hotel app (last-minute) | C6: =IF('Raw Data'!F8="Y",IF('Raw Data'!J8="Y","✅ Both","🔴 Trip only"),IF('Raw Data'!J8="Y","🔵 Book only","❌ Neither")) -> 🔵 Book only | D6: =IF('Raw Data'!N8="Y",IF('Raw Data'!R8="Y","✅ Both","🔴 Trip only"),IF('Raw Data'!R8="Y","🔵 Book only","❌ Neither")) -> ✅ Both | E6: =IF('Raw Data'!V8="Y",IF('Raw Data'!Z8="Y","✅ Both","🔴 Trip only"),IF('Raw Data'!Z8="Y","🔵 Book only","❌ Neither")) -> ❌ Neither | F6: =IF('Raw Data'!AD8="Y",IF('Raw Data'!AH8="Y","✅ Both","🔴 Trip only"),IF('Raw Data'!AH8="Y","🔵 Book only","❌ Neither")) -> ❌ Neither | G6: =IF('Raw Data'!F8="Y",1,0)+IF('Raw Data'!N8="Y",1,0)+IF('Raw Data'!V8="Y",1,0)+IF('Raw Data'!AD8="Y",1,0) -> 1 | H6: =IF('Raw Data'!J8="Y",1,0)+IF('Raw Data'!R8="Y",1,0)+IF('Raw Data'!Z8="Y",1,0)+IF('Raw Data'!AH8="Y",1,0) -> 2 | I6: =IF(G6=0,"🔴 CRITICAL",IF(G6<H6,"🟡 GAP",IF(G6>H6,"🟢 LEAD","🟡 TIED"))) -> 🟡 GAP
A7: A4 | B7: Book train tickets Europe | C7: =IF('Raw Data'!F9="Y",IF('Raw Data'!J9="Y","✅ Both","🔴 Trip only"),IF('Raw Data'!J9="Y","🔵 Book only","❌ Neither")) -> ❌ Neither | D7: =IF('Raw Data'!N9="Y",IF('Raw Data'!R9="Y","✅ Both","🔴 Trip only"),IF('Raw Data'!R9="Y","🔵 Book only","❌ Neither")) -> ❌ Neither | E7: =IF('Raw Data'!V9="Y",IF('Raw Data'!Z9="Y","✅ Both","🔴 Trip only"),IF('Raw Data'!Z9="Y","🔵 Book only","❌ Neither")) -> ❌ Neither | F7: =IF('Raw Data'!AD9="Y",IF('Raw Data'!AH9="Y","✅ Both","🔴 Trip only"),IF('Raw Data'!AH9="Y","🔵 Book only","❌ Neither")) -> ❌ Neither | G7: =IF('Raw Data'!F9="Y",1,0)+IF('Raw Data'!N9="Y",1,0)+IF('Raw Data'!V9="Y",1,0)+IF('Raw Data'!AD9="Y",1,0) -> 0 | H7: =IF('Raw Data'!J9="Y",1,0)+IF('Raw Data'!R9="Y",1,0)+IF('Raw Data'!Z9="Y",1,0)+IF('Raw Data'!AH9="Y",1,0) -> 0 | I7: =IF(G7=0,"🔴 CRITICAL",IF(G7<H7,"🟡 GAP",IF(G7>H7,"🟢 LEAD","🟡 TIED"))) -> 🔴 CRITICAL
A8: A5 | B8: Rent a car cheap | C8: =IF('Raw Data'!F10="Y",IF('Raw Data'!J10="Y","✅ Both","🔴 Trip only"),IF('Raw Data'!J10="Y","🔵 Book only","❌ Neither")) -> ❌ Neither | D8: =IF('Raw Data'!N10="Y",IF('Raw Data'!R10="Y","✅ Both","🔴 Trip only"),IF('Raw Data'!R10="Y","🔵 Book only","❌ Neither")) -> ❌ Neither | E8: =IF('Raw Data'!V10="Y",IF('Raw Data'!Z10="Y","✅ Both","🔴 Trip only"),IF('Raw Data'!Z10="Y","🔵 Book only","❌ Neither")) -> ❌ Neither | F8: =IF('Raw Data'!AD10="Y",IF('Raw Data'!AH10="Y","✅ Both","🔴 Trip only"),IF('Raw Data'!AH10="Y","🔵 Book only","❌ Neither")) -> ❌ Neither | G8: =IF('Raw Data'!F10="Y",1,0)+IF('Raw Data'!N10="Y",1,0)+IF('Raw Data'!V10="Y",1,0)+IF('Raw Data'!AD10="Y",1,0) -> 0 | H8: =IF('Raw Data'!J10="Y",1,0)+IF('Raw Data'!R10="Y",1,0)+IF('Raw Data'!Z10="Y",1,0)+IF('Raw Data'!AH10="Y",1,0) -> 0 | I8: =IF(G8=0,"🔴 CRITICAL",IF(G8<H8,"🟡 GAP",IF(G8>H8,"🟢 LEAD","🟡 TIED"))) -> 🔴 CRITICAL
A9: A6 | B9: Find local tours & attractions | C9: =IF('Raw Data'!F11="Y",IF('Raw Data'!J11="Y","✅ Both","🔴 Trip only"),IF('Raw Data'!J11="Y","🔵 Book only","❌ Neither")) -> ❌ Neither | D9: =IF('Raw Data'!N11="Y",IF('Raw Data'!R11="Y","✅ Both","🔴 Trip only"),IF('Raw Data'!R11="Y","🔵 Book only","❌ Neither")) -> ❌ Neither | E9: =IF('Raw Data'!V11="Y",IF('Raw Data'!Z11="Y","✅ Both","🔴 Trip only"),IF('Raw Data'!Z11="Y","🔵 Book only","❌ Neither")) -> ❌ Neither | F9: =IF('Raw Data'!AD11="Y",IF('Raw Data'!AH11="Y","✅ Both","🔴 Trip only"),IF('Raw Data'!AH11="Y","🔵 Book only","❌ Neither")) -> ❌ Neither | G9: =IF('Raw Data'!F11="Y",1,0)+IF('Raw Data'!N11="Y",1,0)+IF('Raw Data'!V11="Y",1,0)+IF('Raw Data'!AD11="Y",1,0) -> 0 | H9: =IF('Raw Data'!J11="Y",1,0)+IF('Raw Data'!R11="Y",1,0)+IF('Raw Data'!Z11="Y",1,0)+IF('Raw Data'!AH11="Y",1,0) -> 0 | I9: =IF(G9=0,"🔴 CRITICAL",IF(G9<H9,"🟡 GAP",IF(G9>H9,"🟢 LEAD","🟡 TIED"))) -> 🔴 CRITICAL
A10: A7 | B10: Book a cruise — first time | C10: =IF('Raw Data'!F12="Y",IF('Raw Data'!J12="Y","✅ Both","🔴 Trip only"),IF('Raw Data'!J12="Y","🔵 Book only","❌ Neither")) -> ❌ Neither | D10: =IF('Raw Data'!N12="Y",IF('Raw Data'!R12="Y","✅ Both","🔴 Trip only"),IF('Raw Data'!R12="Y","🔵 Book only","❌ Neither")) -> ❌ Neither | E10: =IF('Raw Data'!V12="Y",IF('Raw Data'!Z12="Y","✅ Both","🔴 Trip only"),IF('Raw Data'!Z12="Y","🔵 Book only","❌ Neither")) -> ❌ Neither | F10: =IF('Raw Data'!AD12="Y",IF('Raw Data'!AH12="Y","✅ Both","🔴 Trip only"),IF('Raw Data'!AH12="Y","🔵 Book only","❌ Neither")) -> ❌ Neither | G10: =IF('Raw Data'!F12="Y",1,0)+IF('Raw Data'!N12="Y",1,0)+IF('Raw Data'!V12="Y",1,0)+IF('Raw Data'!AD12="Y",1,0) -> 0 | H10: =IF('Raw Data'!J12="Y",1,0)+IF('Raw Data'!R12="Y",1,0)+IF('Raw Data'!Z12="Y",1,0)+IF('Raw Data'!AH12="Y",1,0) -> 0 | I10: =IF(G10=0,"🔴 CRITICAL",IF(G10<H10,"🟡 GAP",IF(G10>H10,"🟢 LEAD","🟡 TIED"))) -> 🔴 CRITICAL
A11: A8 | B11: Travel insurance — where to buy | C11: =IF('Raw Data'!F13="Y",IF('Raw Data'!J13="Y","✅ Both","🔴 Trip only"),IF('Raw Data'!J13="Y","🔵 Book only","❌ Neither")) -> ❌ Neither | D11: =IF('Raw Data'!N13="Y",IF('Raw Data'!R13="Y","✅ Both","🔴 Trip only"),IF('Raw Data'!R13="Y","🔵 Book only","❌ Neither")) -> ❌ Neither | E11: =IF('Raw Data'!V13="Y",IF('Raw Data'!Z13="Y","✅ Both","🔴 Trip only"),IF('Raw Data'!Z13="Y","🔵 Book only","❌ Neither")) -> ❌ Neither | F11: =IF('Raw Data'!AD13="Y",IF('Raw Data'!AH13="Y","✅ Both","🔴 Trip only"),IF('Raw Data'!AH13="Y","🔵 Book only","❌ Neither")) -> ❌ Neither | G11: =IF('Raw Data'!F13="Y",1,0)+IF('Raw Data'!N13="Y",1,0)+IF('Raw Data'!V13="Y",1,0)+IF('Raw Data'!AD13="Y",1,0) -> 0 | H11: =IF('Raw Data'!J13="Y",1,0)+IF('Raw Data'!R13="Y",1,0)+IF('Raw Data'!Z13="Y",1,0)+IF('Raw Data'!AH13="Y",1,0) -> 0 | I11: =IF(G11=0,"🔴 CRITICAL",IF(G11<H11,"🟡 GAP",IF(G11>H11,"🟢 LEAD","🟡 TIED"))) -> 🔴 CRITICAL
A12: A9 | B12: Best group tour platforms | C12: =IF('Raw Data'!F14="Y",IF('Raw Data'!J14="Y","✅ Both","🔴 Trip only"),IF('Raw Data'!J14="Y","🔵 Book only","❌ Neither")) -> ❌ Neither | D12: =IF('Raw Data'!N14="Y",IF('Raw Data'!R14="Y","✅ Both","🔴 Trip only"),IF('Raw Data'!R14="Y","🔵 Book only","❌ Neither")) -> ❌ Neither | E12: =IF('Raw Data'!V14="Y",IF('Raw Data'!Z14="Y","✅ Both","🔴 Trip only"),IF('Raw Data'!Z14="Y","🔵 Book only","❌ Neither")) -> ❌ Neither | F12: =IF('Raw Data'!AD14="Y",IF('Raw Data'!AH14="Y","✅ Both","🔴 Trip only"),IF('Raw Data'!AH14="Y","🔵 Book only","❌ Neither")) -> ❌ Neither | G12: =IF('Raw Data'!F14="Y",1,0)+IF('Raw Data'!N14="Y",1,0)+IF('Raw Data'!V14="Y",1,0)+IF('Raw Data'!AD14="Y",1,0) -> 0 | H12: =IF('Raw Data'!J14="Y",1,0)+IF('Raw Data'!R14="Y",1,0)+IF('Raw Data'!Z14="Y",1,0)+IF('Raw Data'!AH14="Y",1,0) -> 0 | I12: =IF(G12=0,"🔴 CRITICAL",IF(G12<H12,"🟡 GAP",IF(G12>H12,"🟢 LEAD","🟡 TIED"))) -> 🔴 CRITICAL
A13: A10 | B13: Plan full trip in one place | C13: =IF('Raw Data'!F16="Y",IF('Raw Data'!J16="Y","✅ Both","🔴 Trip only"),IF('Raw Data'!J16="Y","🔵 Book only","❌ Neither")) -> 🔵 Book only | D13: =IF('Raw Data'!N16="Y",IF('Raw Data'!R16="Y","✅ Both","🔴 Trip only"),IF('Raw Data'!R16="Y","🔵 Book only","❌ Neither")) -> 🔵 Book only | E13: =IF('Raw Data'!V16="Y",IF('Raw Data'!Z16="Y","✅ Both","🔴 Trip only"),IF('Raw Data'!Z16="Y","🔵 Book only","❌ Neither")) -> ❌ Neither | F13: =IF('Raw Data'!AD16="Y",IF('Raw Data'!AH16="Y","✅ Both","🔴 Trip only"),IF('Raw Data'!AH16="Y","🔵 Book only","❌ Neither")) -> ❌ Neither | G13: =IF('Raw Data'!F16="Y",1,0)+IF('Raw Data'!N16="Y",1,0)+IF('Raw Data'!V16="Y",1,0)+IF('Raw Data'!AD16="Y",1,0) -> 0 | H13: =IF('Raw Data'!J16="Y",1,0)+IF('Raw Data'!R16="Y",1,0)+IF('Raw Data'!Z16="Y",1,0)+IF('Raw Data'!AH16="Y",1,0) -> 2 | I13: =IF(G13=0,"🔴 CRITICAL",IF(G13<H13,"🟡 GAP",IF(G13>H13,"🟢 LEAD","🟡 TIED"))) -> 🔴 CRITICAL
A14: B1 | B14: Is Trip.com legitimate? | C14: =IF('Raw Data'!F17="Y",IF('Raw Data'!J17="Y","✅ Both","🔴 Trip only"),IF('Raw Data'!J17="Y","🔵 Book only","❌ Neither")) -> ✅ Both | D14: =IF('Raw Data'!N17="Y",IF('Raw Data'!R17="Y","✅ Both","🔴 Trip only"),IF('Raw Data'!R17="Y","🔵 Book only","❌ Neither")) -> ✅ Both | E14: =IF('Raw Data'!V17="Y",IF('Raw Data'!Z17="Y","✅ Both","🔴 Trip only"),IF('Raw Data'!Z17="Y","🔵 Book only","❌ Neither")) -> ❌ Neither | F14: =IF('Raw Data'!AD17="Y",IF('Raw Data'!AH17="Y","✅ Both","🔴 Trip only"),IF('Raw Data'!AH17="Y","🔵 Book only","❌ Neither")) -> ❌ Neither | G14: =IF('Raw Data'!F17="Y",1,0)+IF('Raw Data'!N17="Y",1,0)+IF('Raw Data'!V17="Y",1,0)+IF('Raw Data'!AD17="Y",1,0) -> 2 | H14: =IF('Raw Data'!J17="Y",1,0)+IF('Raw Data'!R17="Y",1,0)+IF('Raw Data'!Z17="Y",1,0)+IF('Raw Data'!AH17="Y",1,0) -> 2 | I14: =IF(G14=0,"🔴 CRITICAL",IF(G14<H14,"🟡 GAP",IF(G14>H14,"🟢 LEAD","🟡 TIED"))) -> 🟡 TIED
A15: B2 | B15: How many flight booking sites USA? | C15: =IF('Raw Data'!F18="Y",IF('Raw Data'!J18="Y","✅ Both","🔴 Trip only"),IF('Raw Data'!J18="Y","🔵 Book only","❌ Neither")) -> ❌ Neither | D15: =IF('Raw Data'!N18="Y",IF('Raw Data'!R18="Y","✅ Both","🔴 Trip only"),IF('Raw Data'!R18="Y","🔵 Book only","❌ Neither")) -> ✅ Both | E15: =IF('Raw Data'!V18="Y",IF('Raw Data'!Z18="Y","✅ Both","🔴 Trip only"),IF('Raw Data'!Z18="Y","🔵 Book only","❌ Neither")) -> ❌ Neither | F15: =IF('Raw Data'!AD18="Y",IF('Raw Data'!AH18="Y","✅ Both","🔴 Trip only"),IF('Raw Data'!AH18="Y","🔵 Book only","❌ Neither")) -> ❌ Neither | G15: =IF('Raw Data'!F18="Y",1,0)+IF('Raw Data'!N18="Y",1,0)+IF('Raw Data'!V18="Y",1,0)+IF('Raw Data'!AD18="Y",1,0) -> 1 | H15: =IF('Raw Data'!J18="Y",1,0)+IF('Raw Data'!R18="Y",1,0)+IF('Raw Data'!Z18="Y",1,0)+IF('Raw Data'!AH18="Y",1,0) -> 1 | I15: =IF(G15=0,"🔴 CRITICAL",IF(G15<H15,"🟡 GAP",IF(G15>H15,"🟢 LEAD","🟡 TIED"))) -> 🟡 TIED
A16: B3 | B16: How does flight booking work? | C16: =IF('Raw Data'!F19="Y",IF('Raw Data'!J19="Y","✅ Both","🔴 Trip only"),IF('Raw Data'!J19="Y","🔵 Book only","❌ Neither")) -> ❌ Neither | D16: =IF('Raw Data'!N19="Y",IF('Raw Data'!R19="Y","✅ Both","🔴 Trip only"),IF('Raw Data'!R19="Y","🔵 Book only","❌ Neither")) -> ❌ Neither | E16: =IF('Raw Data'!V19="Y",IF('Raw Data'!Z19="Y","✅ Both","🔴 Trip only"),IF('Raw Data'!Z19="Y","🔵 Book only","❌ Neither")) -> ❌ Neither | F16: =IF('Raw Data'!AD19="Y",IF('Raw Data'!AH19="Y","✅ Both","🔴 Trip only"),IF('Raw Data'!AH19="Y","🔵 Book only","❌ Neither")) -> ❌ Neither | G16: =IF('Raw Data'!F19="Y",1,0)+IF('Raw Data'!N19="Y",1,0)+IF('Raw Data'!V19="Y",1,0)+IF('Raw Data'!AD19="Y",1,0) -> 0 | H16: =IF('Raw Data'!J19="Y",1,0)+IF('Raw Data'!R19="Y",1,0)+IF('Raw Data'!Z19="Y",1,0)+IF('Raw Data'!AH19="Y",1,0) -> 0 | I16: =IF(G16=0,"🔴 CRITICAL",IF(G16<H16,"🟡 GAP",IF(G16>H16,"🟢 LEAD","🟡 TIED"))) -> 🔴 CRITICAL
A17: B4 | B17: Cheapest way to book flight 2025 | C17: =IF('Raw Data'!F20="Y",IF('Raw Data'!J20="Y","✅ Both","🔴 Trip only"),IF('Raw Data'!J20="Y","🔵 Book only","❌ Neither")) -> ❌ Neither | D17: =IF('Raw Data'!N20="Y",IF('Raw Data'!R20="Y","✅ Both","🔴 Trip only"),IF('Raw Data'!R20="Y","🔵 Book only","❌ Neither")) -> ❌ Neither | E17: =IF('Raw Data'!V20="Y",IF('Raw Data'!Z20="Y","✅ Both","🔴 Trip only"),IF('Raw Data'!Z20="Y","🔵 Book only","❌ Neither")) -> ❌ Neither | F17: =IF('Raw Data'!AD20="Y",IF('Raw Data'!AH20="Y","✅ Both","🔴 Trip only"),IF('Raw Data'!AH20="Y","🔵 Book only","❌ Neither")) -> ❌ Neither | G17: =IF('Raw Data'!F20="Y",1,0)+IF('Raw Data'!N20="Y",1,0)+IF('Raw Data'!V20="Y",1,0)+IF('Raw Data'!AD20="Y",1,0) -> 0 | H17: =IF('Raw Data'!J20="Y",1,0)+IF('Raw Data'!R20="Y",1,0)+IF('Raw Data'!Z20="Y",1,0)+IF('Raw Data'!AH20="Y",1,0) -> 0 | I17: =IF(G17=0,"🔴 CRITICAL",IF(G17<H17,"🟡 GAP",IF(G17>H17,"🟢 LEAD","🟡 TIED"))) -> 🔴 CRITICAL
A18: B5 | B18: Best site for plane tickets now | C18: =IF('Raw Data'!F21="Y",IF('Raw Data'!J21="Y","✅ Both","🔴 Trip only"),IF('Raw Data'!J21="Y","🔵 Book only","❌ Neither")) -> 🔴 Trip only | D18: =IF('Raw Data'!N21="Y",IF('Raw Data'!R21="Y","✅ Both","🔴 Trip only"),IF('Raw Data'!R21="Y","🔵 Book only","❌ Neither")) -> ✅ Both | E18: =IF('Raw Data'!V21="Y",IF('Raw Data'!Z21="Y","✅ Both","🔴 Trip only"),IF('Raw Data'!Z21="Y","🔵 Book only","❌ Neither")) -> ❌ Neither | F18: =IF('Raw Data'!AD21="Y",IF('Raw Data'!AH21="Y","✅ Both","🔴 Trip only"),IF('Raw Data'!AH21="Y","🔵 Book only","❌ Neither")) -> ❌ Neither | G18: =IF('Raw Data'!F21="Y",1,0)+IF('Raw Data'!N21="Y",1,0)+IF('Raw Data'!V21="Y",1,0)+IF('Raw Data'!AD21="Y",1,0) -> 2 | H18: =IF('Raw Data'!J21="Y",1,0)+IF('Raw Data'!R21="Y",1,0)+IF('Raw Data'!Z21="Y",1,0)+IF('Raw Data'!AH21="Y",1,0) -> 1 | I18: =IF(G18=0,"🔴 CRITICAL",IF(G18<H18,"🟡 GAP",IF(G18>H18,"🟢 LEAD","🟡 TIED"))) -> 🟢 LEAD
A19: B6 | B19: What is an OTA vs direct booking? | C19: =IF('Raw Data'!F22="Y",IF('Raw Data'!J22="Y","✅ Both","🔴 Trip only"),IF('Raw Data'!J22="Y","🔵 Book only","❌ Neither")) -> ✅ Both | D19: =IF('Raw Data'!N22="Y",IF('Raw Data'!R22="Y","✅ Both","🔴 Trip only"),IF('Raw Data'!R22="Y","🔵 Book only","❌ Neither")) -> ✅ Both | E19: =IF('Raw Data'!V22="Y",IF('Raw Data'!Z22="Y","✅ Both","🔴 Trip only"),IF('Raw Data'!Z22="Y","🔵 Book only","❌ Neither")) -> ❌ Neither | F19: =IF('Raw Data'!AD22="Y",IF('Raw Data'!AH22="Y","✅ Both","🔴 Trip only"),IF('Raw Data'!AH22="Y","🔵 Book only","❌ Neither")) -> ❌ Neither | G19: =IF('Raw Data'!F22="Y",1,0)+IF('Raw Data'!N22="Y",1,0)+IF('Raw Data'!V22="Y",1,0)+IF('Raw Data'!AD22="Y",1,0) -> 2 | H19: =IF('Raw Data'!J22="Y",1,0)+IF('Raw Data'!R22="Y",1,0)+IF('Raw Data'!Z22="Y",1,0)+IF('Raw Data'!AH22="Y",1,0) -> 2 | I19: =IF(G19=0,"🔴 CRITICAL",IF(G19<H19,"🟡 GAP",IF(G19>H19,"🟢 LEAD","🟡 TIED"))) -> 🟡 TIED
A20: B7 | B20: Best time to book for low prices | C20: =IF('Raw Data'!F23="Y",IF('Raw Data'!J23="Y","✅ Both","🔴 Trip only"),IF('Raw Data'!J23="Y","🔵 Book only","❌ Neither")) -> ❌ Neither | D20: =IF('Raw Data'!N23="Y",IF('Raw Data'!R23="Y","✅ Both","🔴 Trip only"),IF('Raw Data'!R23="Y","🔵 Book only","❌ Neither")) -> ❌ Neither | E20: =IF('Raw Data'!V23="Y",IF('Raw Data'!Z23="Y","✅ Both","🔴 Trip only"),IF('Raw Data'!Z23="Y","🔵 Book only","❌ Neither")) -> ❌ Neither | F20: =IF('Raw Data'!AD23="Y",IF('Raw Data'!AH23="Y","✅ Both","🔴 Trip only"),IF('Raw Data'!AH23="Y","🔵 Book only","❌ Neither")) -> ❌ Neither | G20: =IF('Raw Data'!F23="Y",1,0)+IF('Raw Data'!N23="Y",1,0)+IF('Raw Data'!V23="Y",1,0)+IF('Raw Data'!AD23="Y",1,0) -> 0 | H20: =IF('Raw Data'!J23="Y",1,0)+IF('Raw Data'!R23="Y",1,0)+IF('Raw Data'!Z23="Y",1,0)+IF('Raw Data'!AH23="Y",1,0) -> 0 | I20: =IF(G20=0,"🔴 CRITICAL",IF(G20<H20,"🟡 GAP",IF(G20>H20,"🟢 LEAD","🟡 TIED"))) -> 🔴 CRITICAL
A21: C1 | B21: Is Trip.com safe (credit card)? | C21: =IF('Raw Data'!F24="Y",IF('Raw Data'!J24="Y","✅ Both","🔴 Trip only"),IF('Raw Data'!J24="Y","🔵 Book only","❌ Neither")) -> ✅ Both | D21: =IF('Raw Data'!N24="Y",IF('Raw Data'!R24="Y","✅ Both","🔴 Trip only"),IF('Raw Data'!R24="Y","🔵 Book only","❌ Neither")) -> ✅ Both | E21: =IF('Raw Data'!V24="Y",IF('Raw Data'!Z24="Y","✅ Both","🔴 Trip only"),IF('Raw Data'!Z24="Y","🔵 Book only","❌ Neither")) -> ❌ Neither | F21: =IF('Raw Data'!AD24="Y",IF('Raw Data'!AH24="Y","✅ Both","🔴 Trip only"),IF('Raw Data'!AH24="Y","🔵 Book only","❌ Neither")) -> ❌ Neither | G21: =IF('Raw Data'!F24="Y",1,0)+IF('Raw Data'!N24="Y",1,0)+IF('Raw Data'!V24="Y",1,0)+IF('Raw Data'!AD24="Y",1,0) -> 2 | H21: =IF('Raw Data'!J24="Y",1,0)+IF('Raw Data'!R24="Y",1,0)+IF('Raw Data'!Z24="Y",1,0)+IF('Raw Data'!AH24="Y",1,0) -> 2 | I21: =IF(G21=0,"🔴 CRITICAL",IF(G21<H21,"🟡 GAP",IF(G21>H21,"🟢 LEAD","🟡 TIED"))) -> 🟡 TIED
A22: C2 | B22: Is Trip.com reliable? | C22: =IF('Raw Data'!F25="Y",IF('Raw Data'!J25="Y","✅ Both","🔴 Trip only"),IF('Raw Data'!J25="Y","🔵 Book only","❌ Neither")) -> ✅ Both | D22: =IF('Raw Data'!N25="Y",IF('Raw Data'!R25="Y","✅ Both","🔴 Trip only"),IF('Raw Data'!R25="Y","🔵 Book only","❌ Neither")) -> ✅ Both | E22: =IF('Raw Data'!V25="Y",IF('Raw Data'!Z25="Y","✅ Both","🔴 Trip only"),IF('Raw Data'!Z25="Y","🔵 Book only","❌ Neither")) -> ❌ Neither | F22: =IF('Raw Data'!AD25="Y",IF('Raw Data'!AH25="Y","✅ Both","🔴 Trip only"),IF('Raw Data'!AH25="Y","🔵 Book only","❌ Neither")) -> ❌ Neither | G22: =IF('Raw Data'!F25="Y",1,0)+IF('Raw Data'!N25="Y",1,0)+IF('Raw Data'!V25="Y",1,0)+IF('Raw Data'!AD25="Y",1,0) -> 2 | H22: =IF('Raw Data'!J25="Y",1,0)+IF('Raw Data'!R25="Y",1,0)+IF('Raw Data'!Z25="Y",1,0)+IF('Raw Data'!AH25="Y",1,0) -> 2 | I22: =IF(G22=0,"🔴 CRITICAL",IF(G22<H22,"🟡 GAP",IF(G22>H22,"🟢 LEAD","🟡 TIED"))) -> 🟡 TIED
A23: C3 | B23: Trip.com cancellation policy | C23: =IF('Raw Data'!F26="Y",IF('Raw Data'!J26="Y","✅ Both","🔴 Trip only"),IF('Raw Data'!J26="Y","🔵 Book only","❌ Neither")) -> ✅ Both | D23: =IF('Raw Data'!N26="Y",IF('Raw Data'!R26="Y","✅ Both","🔴 Trip only"),IF('Raw Data'!R26="Y","🔵 Book only","❌ Neither")) -> ✅ Both | E23: =IF('Raw Data'!V26="Y",IF('Raw Data'!Z26="Y","✅ Both","🔴 Trip only"),IF('Raw Data'!Z26="Y","🔵 Book only","❌ Neither")) -> ❌ Neither | F23: =IF('Raw Data'!AD26="Y",IF('Raw Data'!AH26="Y","✅ Both","🔴 Trip only"),IF('Raw Data'!AH26="Y","🔵 Book only","❌ Neither")) -> ❌ Neither | G23: =IF('Raw Data'!F26="Y",1,0)+IF('Raw Data'!N26="Y",1,0)+IF('Raw Data'!V26="Y",1,0)+IF('Raw Data'!AD26="Y",1,0) -> 2 | H23: =IF('Raw Data'!J26="Y",1,0)+IF('Raw Data'!R26="Y",1,0)+IF('Raw Data'!Z26="Y",1,0)+IF('Raw Data'!AH26="Y",1,0) -> 2 | I23: =IF(G23=0,"🔴 CRITICAL",IF(G23<H23,"🟡 GAP",IF(G23>H23,"🟢 LEAD","🟡 TIED"))) -> 🟡 TIED
A24: C4 | B24: Trip.com — non-Chinese travelers? | C24: =IF('Raw Data'!F27="Y",IF('Raw Data'!J27="Y","✅ Both","🔴 Trip only"),IF('Raw Data'!J27="Y","🔵 Book only","❌ Neither")) -> ✅ Both | D24: =IF('Raw Data'!N27="Y",IF('Raw Data'!R27="Y","✅ Both","🔴 Trip only"),IF('Raw Data'!R27="Y","🔵 Book only","❌ Neither")) -> ✅ Both | E24: =IF('Raw Data'!V27="Y",IF('Raw Data'!Z27="Y","✅ Both","🔴 Trip only"),IF('Raw Data'!Z27="Y","🔵 Book only","❌ Neither")) -> ❌ Neither | F24: =IF('Raw Data'!AD27="Y",IF('Raw Data'!AH27="Y","✅ Both","🔴 Trip only"),IF('Raw Data'!AH27="Y","🔵 Book only","❌ Neither")) -> ❌ Neither | G24: =IF('Raw Data'!F27="Y",1,0)+IF('Raw Data'!N27="Y",1,0)+IF('Raw Data'!V27="Y",1,0)+IF('Raw Data'!AD27="Y",1,0) -> 2 | H24: =IF('Raw Data'!J27="Y",1,0)+IF('Raw Data'!R27="Y",1,0)+IF('Raw Data'!Z27="Y",1,0)+IF('Raw Data'!AH27="Y",1,0) -> 2 | I24: =IF(G24=0,"🔴 CRITICAL",IF(G24<H24,"🟡 GAP",IF(G24>H24,"🟢 LEAD","🟡 TIED"))) -> 🟡 TIED
... A32: C12 | B32: Trip.com vs Expedia for Asia | C32: =IF('Raw Data'!F35="Y",IF('Raw Data'!J35="Y","✅ Both","🔴 Trip only"),IF('Raw Data'!J35="Y","🔵 Book only","❌ Neither")) -> ✅ Both | D32: =IF('Raw Data'!N35="Y",IF('Raw Data'!R35="Y","✅ Both","🔴 Trip only"),IF('Raw Data'!R35="Y","🔵 Book only","❌ Neither")) -> ✅ Both | E32: =IF('Raw Data'!V35="Y",IF('Raw Data'!Z35="Y","✅ Both","🔴 Trip only"),IF('Raw Data'!Z35="Y","🔵 Book only","❌ Neither")) -> ❌ Neither | F32: =IF('Raw Data'!AD35="Y",IF('Raw Data'!AH35="Y","✅ Both","🔴 Trip only"),IF('Raw Data'!AH35="Y","🔵 Book only","❌ Neither")) -> ❌ Neither | G32: =IF('Raw Data'!F35="Y",1,0)+IF('Raw Data'!N35="Y",1,0)+IF('Raw Data'!V35="Y",1,0)+IF('Raw Data'!AD35="Y",1,0) -> 2 | H32: =IF('Raw Data'!J35="Y",1,0)+IF('Raw Data'!R35="Y",1,0)+IF('Raw Data'!Z35="Y",1,0)+IF('Raw Data'!AH35="Y",1,0) -> 2 | I32: =IF(G32=0,"🔴 CRITICAL",IF(G32<H32,"🟡 GAP",IF(G32>H32,"🟢 LEAD","🟡 TIED"))) -> 🟡 TIED
